,0
0,https://www.nytimes.com/video/us/politics/100000006296957/trump-pushes-border-wall-democrats-respond.html
1,https://www.nytimes.com/aponline/2019/03/18/us/ap-us-drug-czar-kentucky.html
2,https://www.nytimes.com/reuters/2019/03/20/world/americas/20reuters-usa-military-education.html
3,https://www.nytimes.com/video/us/politics/100000006323964/pelosi-shutdown-republicans-vote.html
4,https://www.nytimes.com/2019/01/08/us/politics/donald-trump-speech.html
5,https://www.nytimes.com/2019/02/11/us/politics/donald-trump-el-paso.html
6,https://www.nytimes.com/reuters/2019/03/15/world/americas/15reuters-usa-trump-congress-emergency.html
7,https://www.nytimes.com/2019/01/09/learning/does-the-presidents-goal-to-build-a-border-wall-merit-a-government-shutdown.html
8,https://www.nytimes.com/reuters/2019/03/16/world/americas/15reuters-usa-trump-congress-emergency-pelosi.html
9,https://www.nytimes.com/reuters/2019/03/14/world/americas/14reuters-usa-defense.html
10,https://www.nytimes.com/2019/01/07/us/politics/trump-address-border-visit.html
11,https://www.nytimes.com/2019/01/17/world/europe/fact-check-trump-border-walls.html
12,https://www.nytimes.com/2019/01/11/us/gofundme-border-wall-refund.html
13,https://www.nytimes.com/2019/01/25/us/politics/trump-shutdown-border-wall-fact-check.html
14,https://www.nytimes.com/2019/01/05/us/politics/donald-trump-border-wall.html
15,https://www.nytimes.com/2019/01/10/us/politics/trump-shutdown-border-wall.html
16,https://www.nytimes.com/2019/03/25/us/politics/border-wall-funding.html
17,https://www.nytimes.com/2019/02/15/us/politics/emergency-border-wall.html
18,https://www.nytimes.com/2019/02/13/us/immigration-detention.html
19,https://www.nytimes.com/interactive/2019/01/05/us/border-wall.html
20,https://www.nytimes.com/2019/01/25/us/politics/border-wall-democrats-trump.html
21,https://www.nytimes.com/2019/02/19/briefing/border-wall-venezuela-vatican.html
22,https://www.nytimes.com/2019/02/15/briefing/border-wall-illinois-colin-kaepernick.html
23,https://www.nytimes.com/2019/02/14/briefing/border-wall-deal-amazon-valentines-day.html
24,https://www.nytimes.com/2019/03/14/opinion/trump-wall-big-bend-park.html
25,https://www.nytimes.com/2019/01/08/us/politics/trump-border-wall-terrorists.html
26,https://www.nytimes.com/2019/02/05/us/politics/trump-state-of-the-union.html
27,https://www.nytimes.com/2019/01/07/us/politics/trump-national-emergency.html
28,https://www.nytimes.com/2019/01/22/us/politics/border-wall-white-house.html
29,https://www.nytimes.com/2019/01/07/us/politics/trump-carter-presidents-border-wall.html
30,https://www.nytimes.com/2019/02/26/briefing/border-wall-north-korea-chicago.html
31,https://www.nytimes.com/2019/02/18/us/politics/national-emergency-lawsuits-trump.html
32,https://www.nytimes.com/2019/01/28/us/politics/trump-border-wall-deal.html
33,https://www.nytimes.com/2019/03/10/business/economy/trump-budget-wall.html
34,https://www.nytimes.com/2019/01/10/us/politics/border-wall-government-shutdown.html
35,https://www.nytimes.com/2019/02/14/us/politics/trump-national-emergency-border.html
36,https://www.nytimes.com/2019/03/15/us/politics/trump-veto-national-emergency.html
37,https://www.nytimes.com/2019/03/15/books/review/end-myth-greg-grandin.html
38,https://www.nytimes.com/2019/02/14/us/trump-border-wall-news-today.html
39,https://www.nytimes.com/aponline/2019/03/15/us/politics/ap-us-trump-border-security-the-latest.html
40,https://www.nytimes.com/reuters/2019/03/15/us/politics/15reuters-usa-trump-congress.html
41,https://www.nytimes.com/video/us/politics/100000006363378/ann-coulter-trump-press-conference.html
42,https://www.nytimes.com/video/us/politics/100000006362499/trump-national-emergency.html
43,https://www.nytimes.com/2019/03/27/us/border-wall-texas-no-mans-land.html
44,https://www.nytimes.com/2019/03/28/us/politics/trump-central-america-immigration.html
45,https://www.nytimes.com/video/us/politics/100000006358416/trump-government-shutdown-border-security.html
46,https://www.nytimes.com/video/us/politics/100000006362417/trump-republicans-national-emergency-video.html
47,https://www.nytimes.com/2019/02/16/us/politics/on-politics-the-biggest-stories-of-the-week.html
48,https://www.nytimes.com/video/us/politics/100000006335995/trump-calls-border-wall-negotiations-with-congress-a-waste-of-time.html
49,https://www.nytimes.com/2019/03/26/us/politics/national-emergency-vote.html
50,https://www.nytimes.com/2019/02/16/us/politics/on-politics-the-biggest-stories-of-the-week.html
51,https://www.nytimes.com/aponline/2019/03/26/us/politics/ap-us-military-construction-cuts.html
52,https://www.nytimes.com/aponline/2019/03/15/us/ap-us-border-patrol-video-crossers.html
53,https://www.nytimes.com/2019/02/15/podcasts/the-daily/trump-national-emergency-border-wall.html
54,https://www.nytimes.com/aponline/2019/03/25/us/ap-us-wake-forest-instagram-post.html
55,https://www.nytimes.com/2019/01/23/us/politics/trump-shutdown-border-tweet.html
56,https://www.nytimes.com/2019/02/14/us/border-wall-mexico.html
57,https://www.nytimes.com/aponline/2019/03/16/us/politics/ap-us-trump-congress.html
58,https://www.nytimes.com/video/us/politics/100000006302232/trump-shutdown-congress-national-emergency.html
59,https://www.nytimes.com/2019/01/08/arts/television/stephen-colbert-trump-shutdown.html
60,https://www.nytimes.com/video/us/politics/100000006326509/trump-government-shutdown-deal.html
61,https://www.nytimes.com/video/us/politics/100000006263723/steve-king-trump-border-wall.html
62,https://www.nytimes.com/video/us/politics/100000006298111/trump-wall-shutdown.html
63,https://www.nytimes.com/video/us/politics/100000006290841/schumer-says-trump-resisted-pleas-to-reopen-government.html
64,https://www.nytimes.com/video/world/americas/100000006290467/migrants-border-tijuana.html
65,https://www.nytimes.com/2019/01/11/podcasts/the-daily/mark-napier-sheriff-border-wall.html
66,https://www.nytimes.com/video/us/politics/100000006298374/schumer-trump-temper-tantrum.html
67,https://www.nytimes.com/reuters/2019/03/24/world/americas/24reuters-usa-immigration-caravan.html
68,https://www.nytimes.com/2019/01/12/todayspaper/quotation-of-the-day-brexit-and-the-shutdown-populism-gives-rise-to-twin-impasses.html
69,https://www.nytimes.com/video/us/politics/100000006287286/trump-democrats-border-wall.html
70,https://www.nytimes.com/aponline/2019/03/16/us/politics/ap-us-trump-mulvaney.html
71,https://www.nytimes.com/2019/01/08/us/politics/donald-trump-address-speech.html
72,https://www.nytimes.com/2019/01/03/podcasts/the-daily/chuck-schumer-interview-shutdown.html
73,https://www.nytimes.com/2019/02/15/business/media/trump-hannity-limbaugh-coulter.html
74,https://www.nytimes.com/2019/01/25/us/politics/trump-shutdown.html
75,https://www.nytimes.com/reuters/2019/03/19/world/americas/19reuters-usa-mexico-diplomacy.html
76,https://www.nytimes.com/2019/01/08/books/trump-shutdown-wall-immigration.html
77,https://www.nytimes.com/interactive/2019/02/06/opinion/trump-state-of-the-union-border-wall.html
78,https://www.nytimes.com/2019/01/15/world/political-crisis-trump-mexico.html
79,https://www.nytimes.com/2019/01/25/us/politics/trump-caved-ann-coulter.html
80,https://www.nytimes.com/2019/01/25/us/politics/trump-caved-ann-coulter.html
81,https://www.nytimes.com/2019/01/14/us/politics/trump-shutdown-border-wall.html
82,https://www.nytimes.com/2019/01/04/us/politics/shutdown-116th-congress.html
83,https://www.nytimes.com/2019/01/05/us/politics/trump-shutdown-meeting.html
84,https://www.nytimes.com/2019/02/19/learning/learning-with-trump-declares-a-national-emergency-and-provokes-a-constitutional-clash.html
85,https://www.nytimes.com/2019/01/01/us/politics/elizabeth-warren-president.html
86,https://www.nytimes.com/2019/03/14/us/politics/trump-congress-rebuke.html
87,https://www.nytimes.com/2019/01/10/business/trump-staff-turnover-leadership.html
88,https://www.nytimes.com/2019/01/26/us/politics/jared-kushner-immigration-reform.html
89,https://www.nytimes.com/2019/01/08/arts/television/trump-prime-time-speech-border-review.html
90,https://www.nytimes.com/reuters/2019/03/27/world/americas/27reuters-usa-defense.html
91,https://www.nytimes.com/aponline/2019/03/18/us/politics/ap-us-homeland-security-priorities-.html
92,https://www.nytimes.com/2019/02/15/opinion/letters/trump-national-emergency-border.html
93,https://www.nytimes.com/2019/02/15/arts/television/james-corden-trump-national-emergency.html
94,https://www.nytimes.com/2019/02/01/us/politics/trump-state-of-the-union.html
95,https://www.nytimes.com/2019/03/28/us/border-checkpoints-mexico.html
96,https://www.nytimes.com/2019/01/08/us/politics/trump-speech.html
97,https://www.nytimes.com/2019/01/07/opinion/editorials/trump-border-shutdown.html
98,https://www.nytimes.com/2019/01/30/opinion/republicans-democrats-2018-economy-prosperity.html
99,https://www.nytimes.com/2019/01/23/us/calexico-border-wall.html
100,https://www.nytimes.com/2019/01/08/us/politics/trump-speech.html
101,https://www.nytimes.com/2019/01/11/opinion/letters/trump-border-wall-emergency.html
102,https://www.nytimes.com/2019/02/15/us/politics/fact-checking-trump-emergency-border.html
103,https://www.nytimes.com/2019/02/12/opinion/el-paso-trump-beto.html
104,https://www.nytimes.com/2019/01/13/us/politics/trump-russia-shutdown.html
105,https://www.nytimes.com/aponline/2019/03/16/us/politics/ap-us-trump-border-security.html
106,https://www.nytimes.com/2019/03/15/opinion/letters/trump-senate-emergency.html
107,https://www.nytimes.com/aponline/2019/03/15/us/politics/ap-us-trump-border-security.html
108,https://www.nytimes.com/2019/02/12/us/politics/government-shutdown-deal.html
109,https://www.nytimes.com/aponline/2019/03/15/us/ap-10-things-to-know-today.html
110,https://www.nytimes.com/2019/02/21/us/politics/new-mexico-wall-fact-check.html
111,https://www.nytimes.com/2019/01/12/upshot/trump-border-wall-polls.html
112,https://www.nytimes.com/2019/01/23/arts/television/conan-obrien-new-show-debut.html
113,https://www.nytimes.com/2019/01/30/us/politics/Victorina-Morales-trump-golf-club.html
114,https://www.nytimes.com/reuters/2019/03/26/world/americas/26reuters-usa-defense.html
115,https://www.nytimes.com/2019/02/03/us/politics/trump-interview-mueller.html
116,https://www.nytimes.com/2019/02/01/opinion/how-republicans-erased-trumpism.html
117,https://www.nytimes.com/2019/01/15/world/americas/migrant-caravan-honduras.html
118,https://www.nytimes.com/2019/01/22/arts/television/jimmy-kimmel-trump-term-midway.html
119,https://www.nytimes.com/2019/02/23/us/politics/biggest-stories-of-the-week.html
120,https://www.nytimes.com/2019/02/15/opinion/trump-border-wall-national-emergency.html
121,https://www.nytimes.com/2019/02/06/us/border-wall-caravan-mexico.html
122,https://www.nytimes.com/2019/02/19/arts/television/arrested-development-season-5-part-2-release-date.html
123,https://www.nytimes.com/2019/03/11/us/politics/trump-border-wall-house.html
124,https://www.nytimes.com/2019/01/12/us/politics/on-politics-the-biggest-stories-of-the-week.html
125,https://www.nytimes.com/2019/01/17/podcasts/the-daily/will-hurd-border-wall-trump.html
126,https://www.nytimes.com/2019/02/05/us/politics/on-politics-scandal-virginia-democrats.html
127,https://www.nytimes.com/2019/02/05/learning/how-would-you-describe-the-state-of-our-union.html
128,https://www.nytimes.com/2019/03/26/opinion/emergency-powers-veto-pelosi.html
129,https://www.nytimes.com/2019/02/19/us/politics/trump-border-wall-emergency-funds.html
130,https://www.nytimes.com/2019/03/26/opinion/emergency-powers-veto-pelosi.html
131,https://www.nytimes.com/2019/01/06/us/politics/trump-shutdown.html
132,https://www.nytimes.com/interactive/2019/02/15/us/list-of-national-emergencies.html
133,https://www.nytimes.com/2019/02/22/us/politics/trump-north-korea.html
134,https://www.nytimes.com/2019/01/14/podcasts/the-daily/us-mexico-border.html
135,https://www.nytimes.com/2019/01/04/podcasts/the-daily/116th-congress-nancy-pelosi.html
136,https://www.nytimes.com/2019/02/10/us/trump-el-paso-rally.html
137,https://www.nytimes.com/2019/02/19/opinion/letters/trump-emergency-border-wall.html
138,https://www.nytimes.com/2019/01/05/us/politics/on-politics-the-biggest-stories-of-the-week.html
139,https://www.nytimes.com/2019/01/24/arts/television/seth-meyers-nancy-pelosi-trump-shutdown.html
140,https://www.nytimes.com/2019/03/25/us/politics/mueller-trump-rivals.html
141,https://www.nytimes.com/2019/02/15/opinion/national-emergency-trump-border.html
142,https://www.nytimes.com/2019/01/08/podcasts/the-daily/trump-border-wall.html
143,https://www.nytimes.com/2019/01/08/us/politics/trump-network-lunch-tv.html
144,https://www.nytimes.com/2019/03/12/us/politics/bill-emergency-declarations.html
145,https://www.nytimes.com/2019/03/11/briefing/ethiopian-airlines-budget-beat-generation.html
146,https://www.nytimes.com/2019/01/14/pageoneplus/corrections-january-15-2019.html
147,https://www.nytimes.com/2019/02/20/us/california-today-high-speed-rail-newsom-trump.html
148,https://www.nytimes.com/2019/03/15/opinion/tillis-trump-national-emergency.html
149,https://www.nytimes.com/2019/03/06/us/politics/kirstjen-nielsen-house-homeland-security-committee-testimony.html
150,https://www.nytimes.com/2019/03/06/us/politics/kirstjen-nielsen-house-homeland-security-committee-testimony.html
151,https://www.nytimes.com/2019/01/14/us/politics/republicans-government-shutdown.html
152,https://www.nytimes.com/aponline/2019/03/26/us/politics/ap-us-trump-border-security-the-latest.html
153,https://www.nytimes.com/2019/01/08/opinion/president-trump-speech.html
154,https://www.nytimes.com/aponline/2019/03/21/us/ap-us-migrant-surge.html
155,https://www.nytimes.com/2019/01/24/us/politics/on-politics-shutdown-senate-bills.html
156,https://www.nytimes.com/2019/02/20/us/politics/trump-investigations-special-counsel.html
157,https://www.nytimes.com/2019/02/19/us/politics/on-politics-bernie-sanders-announces-2020-bid.html
158,https://www.nytimes.com/2019/01/26/us/politics/biggest-stories-of-the-week.html
159,https://www.nytimes.com/2019/01/25/us/politics/trump-shutdown-deal.html
160,https://www.nytimes.com/2019/01/07/us/politics/government-shutdown-meetings-congress.html
161,https://www.nytimes.com/2019/02/19/us/politics/on-politics-bernie-sanders-announces-2020-bid.html
162,https://www.nytimes.com/2019/01/25/us/border-wall-mexico-usa-contraband.html
163,https://www.nytimes.com/2019/01/24/style/immigrant-identity-travel.html
164,https://www.nytimes.com/2019/01/24/reader-center/shutdown-journalists-government-coverage.html
165,https://www.nytimes.com/2019/03/07/us/politics/record-trade-deficit-trump.html
166,https://www.nytimes.com/2019/01/21/us/politics/democrats-trump-dreamers-deal.html
167,https://www.nytimes.com/2019/02/14/us/politics/trump-border-deal.html
168,https://www.nytimes.com/2019/01/23/us/gop-liberal-america-millennials.html
169,https://www.nytimes.com/aponline/2019/03/21/us/ap-us-pence-georgia-visit.html
170,https://www.nytimes.com/2019/02/15/us/politics/on-politics-trump-emergency-border-wall.html
171,https://www.nytimes.com/2019/03/19/arts/television/stephen-colbert-trump-new-zealand-shooting.html
172,https://www.nytimes.com/2019/01/18/us/politics/government-shutdown-alabama-politics.html
173,https://www.nytimes.com/2019/01/05/world/europe/populism-voters-global.html
174,https://www.nytimes.com/2019/01/14/us/politics/steve-king-white-supremacy.html
175,https://www.nytimes.com/2019/01/14/magazine/all-the-presidents-memes.html
176,https://www.nytimes.com/2019/02/19/us/trump-cancels-california-high-speed-rail-grant.html
177,https://www.nytimes.com/2019/01/23/us/politics/senate-shutdown-vote.html
178,https://www.nytimes.com/2019/01/09/us/politics/government-shutdown-trump-senate.html
179,https://www.nytimes.com/2019/01/10/us/politics/trump-mcallen-border-crisis.html
180,https://www.nytimes.com/2019/02/15/us/politics/trump-presidency-national-emergency.html
181,https://www.nytimes.com/2019/02/01/us/politics/on-politics-trump-interview-border-wall.html
182,https://www.nytimes.com/2019/01/25/us/politics/kris-kobach-wall-funding.html
183,https://www.nytimes.com/2019/03/14/us/politics/senate-vote-trump-national-emergency.html
184,https://www.nytimes.com/2019/02/26/us/politics/patrick-shanahan-trump.html
185,https://www.nytimes.com/2019/01/02/us/politics/trump-congress-shutdown.html
186,https://www.nytimes.com/2019/01/26/us/politics/trump-rnc-2020.html
187,https://www.nytimes.com/2019/01/08/us/politics/democrats-response-quotes.html
188,https://www.nytimes.com/2019/01/21/briefing/brexit-greenland-us-shutdown-your-tuesday-briefing.html
189,https://www.nytimes.com/2019/02/05/arts/television/whats-on-tv-tuesday-american-soul-and-state-of-the-union-address.html
190,https://www.nytimes.com/2019/03/07/us/gofundme-homeless-scam-guilty.html
191,https://www.nytimes.com/2019/02/05/arts/television/whats-on-tv-tuesday-american-soul-and-state-of-the-union-address.html
192,https://www.nytimes.com/2019/01/15/us/politics/trump-burgers-fast-food.html
193,https://www.nytimes.com/2019/01/28/business/trump-china-trade.html
194,https://www.nytimes.com/2019/01/08/opinion/trump-speech-border-wall.html
195,https://www.nytimes.com/2019/01/15/us/politics/on-politics-steve-king-republicans.html
196,https://www.nytimes.com/2019/02/26/briefing/brexit-trump-kim-meeting-michael-cohen-your-wednesday-briefing.html
197,https://www.nytimes.com/2019/03/18/us/politics/homeland-security-cyberthreats.html
198,https://www.nytimes.com/2019/01/17/learning/what-students-are-saying-about-the-government-shutdown-traveling-and-the-news-media.html
199,https://www.nytimes.com/2019/01/09/us/politics/trump-immigration-speech.html
200,https://www.nytimes.com/2019/01/09/us/politics/trump-wall-national-emergency.html
201,https://www.nytimes.com/2019/02/05/us/politics/sotu-analysis.html
202,https://www.nytimes.com/2019/01/23/opinion/letters/trump-shutdown-wall.html
203,https://www.nytimes.com/2019/01/09/us/politics/trump-immigration-speech.html
204,https://www.nytimes.com/2019/01/04/us/politics/on-politics-democrats-take-over-the-house.html
205,https://www.nytimes.com/2019/03/21/us/winter-texas-border.html
206,https://www.nytimes.com/2019/01/17/learning/learning-with-the-shutdown-makes-me-nervous-young-people-caught-up-in-impasse.html
207,https://www.nytimes.com/2019/02/13/us/politics/government-shutdown-donald-trump.html
208,https://www.nytimes.com/2019/02/26/us/politics/national-emergency-vote.html
209,https://www.nytimes.com/2019/01/26/opinion/sunday/border-wall-immigration-trump.html
210,https://www.nytimes.com/2019/02/14/opinion/trump-national-emergency-border-wall.html
211,https://www.nytimes.com/2019/01/12/us/politics/trump-illegal-immigration-statistics.html
212,https://www.nytimes.com/2019/01/06/briefing/shutdown-elizabeth-warren-golden-globes-your-weekend-briefing.html
213,https://www.nytimes.com/2019/01/20/us/border-wall-daca-tps-trump-reaction.html
214,https://www.nytimes.com/2019/01/10/us/politics/steve-king-trump-immigration-wall.html
215,https://www.nytimes.com/2019/01/08/us/politics/on-politics-government-shutdown-impact.html
216,https://www.nytimes.com/aponline/2019/03/24/us/ap-us-election-2020-beto-orourke.html
217,https://www.nytimes.com/2019/01/09/us/politics/democrats-investigations-trump.html
218,https://www.nytimes.com/2019/02/06/opinion/letters/trump-state-of-the-union.html
219,https://www.nytimes.com/2019/01/07/us/politics/on-politics-bolton-syria-withdrawal.html
220,https://www.nytimes.com/2019/01/08/us/politics/trump-speech-transcript.html
221,https://www.nytimes.com/2019/03/04/briefing/tornadoes-donald-trump-michael-jackson.html
222,https://www.nytimes.com/aponline/2019/03/21/us/ap-us-nevada-killings-immigrant.html
223,https://www.nytimes.com/2019/01/11/us/politics/national-emergency-risks-trump.html
224,https://www.nytimes.com/2019/01/02/us/california-police-officer-shooting-immigrant.html
225,https://www.nytimes.com/2019/01/03/learning/learning-with-in-newly-divided-government-who-will-control-the-political-agenda.html
226,https://www.nytimes.com/2019/03/05/opinion/trump-national-emergency.html
227,https://www.nytimes.com/2019/01/12/opinion/sunday/trump-national-emergency-wall.html
228,https://www.nytimes.com/2019/01/17/briefing/shutdown-australian-open-john-bogle.html
229,https://www.nytimes.com/2019/01/26/us/politics/trump-congress-border-security.html
230,https://www.nytimes.com/2019/02/10/us/politics/trump-border-wall.html
231,https://www.nytimes.com/2019/01/12/us/politics/brexit-shutdown-us-britain-trump.html
232,https://www.nytimes.com/interactive/2019/02/13/upshot/detailed-timeline-trumps-words-border-wall.html
233,https://www.nytimes.com/2019/03/12/us/politics/senate-yemen-vote-saudi-arabia.html
234,https://www.nytimes.com/2019/01/20/us/donald-trump-leadership-style.html
235,https://www.nytimes.com/2019/02/21/us/mexico-border-sheriff-napier.html
236,https://www.nytimes.com/2019/02/15/opinion/language-euphemisms-trump.html
237,https://www.nytimes.com/reuters/2019/03/27/us/politics/27reuters-usa-diplomacy-pompeo.html
238,https://www.nytimes.com/2019/01/04/us/politics/trump-wall-shutdown.html
239,https://www.nytimes.com/2019/01/10/opinion/letters/trump-border-wall.html
240,https://www.nytimes.com/2019/01/10/opinion/letters/trump-border-wall.html
241,https://www.nytimes.com/2019/03/12/arts/television/stephen-colbert-robert-kraft-puns.html
242,https://www.nytimes.com/2019/02/05/us/politics/state-of-the-union-2019.html
243,https://www.nytimes.com/2019/01/21/briefing/brexit-us-shutdown-chinese-economy.html
244,https://www.nytimes.com/2019/02/14/world/australia/immigration-election.html
245,https://www.nytimes.com/2019/01/14/us/politics/white-house-government-shutdown.html
246,https://www.nytimes.com/2019/02/20/arts/television/jimmy-fallon-bernie-sanders-announcement.html
247,https://www.nytimes.com/2019/03/20/us/politics/boeing-pentagon.html
248,https://www.nytimes.com/interactive/2019/03/05/learning/05Weekly-News-Quiz-for-Students.html
249,https://www.nytimes.com/aponline/2019/03/17/us/politics/ap-us-trump.html
250,https://www.nytimes.com/2019/01/15/us/politics/mueller-barr.html
251,https://www.nytimes.com/2019/02/14/arts/television/stephen-colbert-government-shutdown-trump.html
252,https://www.nytimes.com/2019/01/06/briefing/xinjiang-shutdown-golden-globes.html
253,https://www.nytimes.com/2019/02/12/arts/television/trevor-noah-ralph-northam-white-guilt.html
254,https://www.nytimes.com/2019/01/06/briefing/shutdown-yellow-vests-golden-globes-your-monday-briefing.html
255,https://www.nytimes.com/2019/02/25/us/politics/vietnam-summit-trump-kim.html
256,https://www.nytimes.com/2019/01/27/us/politics/kamala-harris-rally-2020.html
257,https://www.nytimes.com/2019/02/11/us/politics/trump-el-paso-beto.html
258,https://www.nytimes.com/2019/02/21/climate/california-tailpipe-emissions.html
259,https://www.nytimes.com/2019/02/05/opinion/state-of-the-union-trump.html
260,https://www.nytimes.com/2019/01/22/us/politics/supreme-court-daca-dreamers.html
261,https://www.nytimes.com/2019/02/05/opinion/state-of-the-union-trump.html
262,https://www.nytimes.com/2019/02/19/arts/television/stephen-colbert-trump-national-emergency.html
263,https://www.nytimes.com/2019/02/28/opinion/9-11-first-responders-fund.html
264,https://www.nytimes.com/2019/01/24/us/politics/senate-vote-fails-shutdown.html
265,https://www.nytimes.com/2019/01/11/briefing/government-shutdown-mike-pompeo-jayme-closs.html
266,https://www.nytimes.com/2019/03/08/travel/mexico-border-arizona-rancho-de-la-osa.html
267,https://www.nytimes.com/2019/01/04/us/politics/fact-check-trump-shutdown.html
268,https://www.nytimes.com/2019/01/09/arts/television/trevor-noah-trump-national-emergency.html
269,https://www.nytimes.com/2019/01/16/us/politics/pelosi-state-of-the-union-trump.html
270,https://www.nytimes.com/aponline/2019/03/16/us/politics/ap-us-united-states-china-military-threat.html
271,https://www.nytimes.com/2019/02/14/us/politics/trump-congress-national-emergency.html
272,https://www.nytimes.com/2019/02/12/us/politics/border-wall-deal.html
273,https://www.nytimes.com/2019/03/16/us/politics/biggest-stories-of-the-week.html
274,https://www.nytimes.com/2019/02/01/arts/television/kimmel-trump-national-emergency-border-wall.html
275,https://www.nytimes.com/2019/01/09/briefing/donald-trump-paul-manafort-china.html
276,https://www.nytimes.com/2019/03/13/us/politics/yemen-saudi-war-senate.html
277,https://www.nytimes.com/2019/01/25/lens/african-migrants-spain-three-kings.html
278,https://www.nytimes.com/2019/02/03/business/the-week-in-business-let-the-apple-vs-facebook-battle-begin-and-china-goes-soybean-shopping.html
279,https://www.nytimes.com/2019/02/04/opinion/state-of-the-union-2019.html
280,https://www.nytimes.com/2019/03/05/books/review/john-lanchester-wall.html
281,https://www.nytimes.com/aponline/2019/03/27/us/ap-us-border-security.html
282,https://www.nytimes.com/2019/01/25/briefing/nancy-pelosi-wilbur-ross-venezuela.html
283,https://www.nytimes.com/2019/01/15/us/government-shutdown-update.html
284,https://www.nytimes.com/aponline/2019/03/26/us/politics/ap-us-congress-russia-probe.html
285,https://www.nytimes.com/2019/01/29/us/trump-organization-everify.html
286,https://www.nytimes.com/aponline/2019/03/20/us/politics/ap-us-election-2020-beto-orourke-ideology.html
287,https://www.nytimes.com/2019/01/29/arts/television/stephen-colbert-trump-government-shutdown.html
288,https://www.nytimes.com/2019/01/28/business/media/tom-brokaw-hispanics-assimilation.html
289,https://www.nytimes.com/2019/02/22/us/politics/government-shutdown-coast-guard.html
290,https://www.nytimes.com/2019/01/11/opinion/trump-border-shutdown.html
291,https://www.nytimes.com/2019/01/07/world/americas/guatemala-corruption-commission-united-nations.html
292,https://www.nytimes.com/2019/01/09/opinion/trump-border-speech.html
293,https://www.nytimes.com/aponline/2019/03/15/us/ap-us-new-zealand-mosque-shooting-trump.html
294,https://www.nytimes.com/aponline/2019/03/16/us/ap-us-new-zealand-mosque-shooting-trump.html
295,https://www.nytimes.com/2019/03/13/us/politics/trump-emergency-declaration-republicans.html
296,https://www.nytimes.com/2019/02/14/opinion/trump-national-emergency.html
297,https://www.nytimes.com/2019/01/14/world/canada/shutdown-air-traffic-controllers-pizza.html
298,https://www.nytimes.com/2019/01/10/arts/television/trevor-noah-pelosi-schumer-trump-response.html
299,https://www.nytimes.com/2019/01/05/opinion/sunday/nancy-pelosi-house-speaker.html
300,https://www.nytimes.com/2019/01/09/movies/lady-gaga-bradley-cooper-national-board-of-review.html
301,https://www.nytimes.com/2019/01/10/opinion/the-argument-shutdown-immigration-border-wall-trump.html
302,https://www.nytimes.com/2019/01/09/us/california-today-black-panthers-exhibition.html
303,https://www.nytimes.com/2019/01/08/opinion/trump-address-border-wall-shutdown.html
304,https://www.nytimes.com/2019/01/04/arts/television/donald-trump-game-of-thrones.html
305,https://www.nytimes.com/2019/01/04/us/politics/trump-national-emergency-border-wall.html
306,https://www.nytimes.com/2019/01/29/us/politics/border-troops-pentagon.html
307,https://www.nytimes.com/2019/03/20/fashion/tom-ford-melania-cfda.html
308,https://www.nytimes.com/2019/01/28/opinion/howard-schultz-president.html
309,https://www.nytimes.com/2019/01/02/opinion/trump-republicans-immigration.html
310,https://www.nytimes.com/2019/01/28/us/politics/trump-congress-border-wall.html
311,https://www.nytimes.com/2019/01/28/opinion/asylum-border-immigrants-trump-.html
312,https://www.nytimes.com/2019/01/27/us/trump-cost-illegal-immigration.html
313,https://www.nytimes.com/2019/01/25/your-money/tax-returns-refund-irs-shutdown.html
314,https://www.nytimes.com/2019/01/24/opinion/trump-wall-shutdown.html
315,https://www.nytimes.com/2019/01/06/learning/lesson-plans/border-wall-lesson-plan.html
316,https://www.nytimes.com/2019/03/14/us/politics/beto-on-the-issues.html
317,https://www.nytimes.com/2019/01/22/us/politics/shutdown-trump-asylum.html
318,https://www.nytimes.com/2019/01/21/opinion/trump-hospital-prices.html
319,https://www.nytimes.com/2019/01/21/us/politics/government-shutdown-update.html
320,https://www.nytimes.com/2019/01/21/us/politics/government-shutdown-update.html
321,https://www.nytimes.com/2019/01/03/us/politics/new-congress.html
322,https://www.nytimes.com/2019/01/17/arts/television/jimmy-kimmel-shutdown-trump.html
323,https://www.nytimes.com/2019/03/04/us/politics/senate-emergency-declaration-trump.html
324,https://www.nytimes.com/2019/03/05/lens/pictures-of-the-year-international-poyi-fabio-bucciarelli-jessica-phelps.html
325,https://www.nytimes.com/2019/02/10/business/the-week-in-business-jeff-bezos-brexit-trade.html
326,https://www.nytimes.com/2019/01/10/us/politics/on-politics-shutdown-democrats-republicans.html
327,https://www.nytimes.com/2019/01/12/us/politics/julian-castro-president-announce.html
328,https://www.nytimes.com/2019/01/10/opinion/editorials/trump-shutdown-pelosi.html
329,https://www.nytimes.com/2019/02/06/us/politics/democrats-state-of-the-union.html
330,https://www.nytimes.com/2019/01/08/world/americas/trump-border-wall-speech-reaction.html
331,https://www.nytimes.com/2019/01/08/us/politics/democratic-response-trump-address.html
332,https://www.nytimes.com/2019/01/26/us/government-shutdown-over.html
333,https://www.nytimes.com/2019/01/13/world/americas/migrant-caravan-honduras.html
334,https://www.nytimes.com/2019/01/13/briefing/shutdown-julian-castro-jayme-closs.html
335,https://www.nytimes.com/2019/01/26/us/politics/government-shutdown-legislation.html
336,https://www.nytimes.com/2019/02/19/us/california-today-national-emergency-trump-lawsuit.html
337,https://www.nytimes.com/2019/01/24/opinion/shutdown-ross-kudlow-trump.html
338,https://www.nytimes.com/2019/02/18/opinion/mitch-mcconnell-trump-emergency.html
339,https://www.nytimes.com/2019/01/24/us/california-today-marijuana-consumers-by-the-numbers.html
340,https://www.nytimes.com/2019/01/24/us/california-today-marijuana-consumers-by-the-numbers.html
341,https://www.nytimes.com/2019/02/14/us/politics/trump-national-emergency-law.html
342,https://www.nytimes.com/2019/01/19/us/politics/trump-immigration-conservatives-democrats.html
343,https://www.nytimes.com/2019/03/06/briefing/kirstjen-nielsen-martha-mcsally-facebook.html
344,https://www.nytimes.com/2019/01/02/briefing/congress-turkey-apple.html
345,https://www.nytimes.com/2019/01/14/business/dealbook/dealbook-briefing-digital-first-gannett-sale.html
346,https://www.nytimes.com/2019/01/14/us/politics/steel-companies-trump.html
347,https://www.nytimes.com/2019/01/10/business/dealbook/us-china-trade-war-talks.html
348,https://www.nytimes.com/2019/02/06/us/politics/socialism-donald-trump.html
349,https://www.nytimes.com/2019/01/31/us/politics/trump-wall-investigations-interview.html
350,https://www.nytimes.com/2019/01/18/us/politics/coast-guard-government-shutdown.html
351,https://www.nytimes.com/2019/02/06/us/politics/socialism-donald-trump.html
352,https://www.nytimes.com/2019/01/10/reader-center/nancy-pelosi-hot-pink-dress.html
353,https://www.nytimes.com/2019/03/18/us/politics/trump-weekend-tweets.html
354,https://www.nytimes.com/2019/02/25/briefing/president-trump-academy-awards-labour-party-your-monday-evening-briefing.html
355,https://www.nytimes.com/2019/01/09/opinion/letters/trump-speech-immigration-wall.html
356,https://www.nytimes.com/2019/02/25/us/politics/national-emergency-republicans.html
357,https://www.nytimes.com/2019/01/29/opinion/forced-labor-immigrants.html
358,https://www.nytimes.com/2019/02/04/us/politics/fear-trump.html
359,https://www.nytimes.com/2019/01/05/opinion/sunday/latinos-cartels-trump-narcos-hollywood.html
360,https://www.nytimes.com/2019/01/15/us/politics/william-barr-confirmation-hearing.html
361,https://www.nytimes.com/2019/02/21/arts/television/stephen-colbert-trump-investigations-not-normal.html
362,https://www.nytimes.com/2019/03/14/briefing/senate-vote-ethiopian-airlines-pi-day.html
363,https://www.nytimes.com/2019/02/19/briefing/donald-trump-west-virginia-karl-lagerfeld.html
364,https://www.nytimes.com/2019/02/15/us/border-wall-national-emergency.html
365,https://www.nytimes.com/2019/02/15/us/politics/supreme-court-census-citizenship.html
366,https://www.nytimes.com/2019/02/15/us/california-today-san-diego-sheriffs-department-records.html
367,https://www.nytimes.com/2019/02/14/opinion/green-new-deal-ocasio-cortez-.html
368,https://www.nytimes.com/2019/03/04/briefing/tornadoes-hickenlooper-china.html
369,https://www.nytimes.com/2019/02/12/us/politics/democrats-donald-trump.html
370,https://www.nytimes.com/2019/01/23/briefing/us-shutdown-brexit-huawei-your-wednesday-briefing.html
371,https://www.nytimes.com/2019/02/11/opinion/democrats-border-security-wall.html
372,https://www.nytimes.com/2019/03/03/briefing/michael-cohen-spacex-michael-jackson-.html
373,https://www.nytimes.com/2019/01/11/us/politics/steve-king-republicans-white-supremacy-.html
374,https://www.nytimes.com/2019/01/16/us/politics/trump-shutdown-west-wing-shake-up.html
375,https://www.nytimes.com/2019/01/10/us/trump-texas-border-visit.html
376,https://www.nytimes.com/2019/01/31/briefing/polar-vortex-brexit-sweethearts.html
377,https://www.nytimes.com/2019/01/10/us/politics/trump-pompeo-china-cairo.html
378,https://www.nytimes.com/2019/01/10/us/politics/trump-wall-texas-border.html
379,https://www.nytimes.com/2019/02/24/briefing/venezuela-amy-klobuchar-academy-awards.html
380,https://www.nytimes.com/2019/01/09/us/politics/democrats-trump-wall-shutdown.html
381,https://www.nytimes.com/2019/02/24/briefing/venezuela-amy-klobuchar-academy-awards.html
382,https://www.nytimes.com/2019/02/22/briefing/michael-cohen-robert-kraft-r-kelly-your-friday-evening-briefing.html
383,https://www.nytimes.com/2019/01/28/briefing/government-shutdown-polar-vortex-apple.html
384,https://www.nytimes.com/2019/02/20/briefing/donald-trump-coast-guard-jussie-smollett.html
385,https://www.nytimes.com/2019/01/04/us/government-shutdown-courts-prisons.html
386,https://www.nytimes.com/2019/01/28/us/politics/shutdown-cost-us-economy-11-billion-cbo-says.html
387,https://www.nytimes.com/2019/03/05/us/border-patrol-deaths-migrant-children.html
388,https://www.nytimes.com/2019/03/10/us/gordiloca-laredo-priscilla-villarreal.html
389,https://www.nytimes.com/2019/01/23/us/california-today-eric-garcetti-teachers-strike.html
390,https://www.nytimes.com/2019/01/23/us/california-today-eric-garcetti-teachers-strike.html
391,https://www.nytimes.com/2019/02/13/us/politics/deal-government-shutdown.html
392,https://www.nytimes.com/2019/02/14/us/california-today-berkeley-boycott-amazon.html
393,https://www.nytimes.com/2019/01/22/briefing/kamala-harris-academy-award-nominations-australian-open.html
394,https://www.nytimes.com/2019/01/02/briefing/china-kerala-moon-landing.html
395,https://www.nytimes.com/2019/01/22/briefing/huawei-naomi-osaka-oscars.html
396,https://www.nytimes.com/2019/01/18/us/politics/courts-money-government-shutdown.html
397,https://www.nytimes.com/2019/03/22/briefing/golan-heights-brexit-ncaa-basketball-.html
398,https://www.nytimes.com/2019/01/15/us/politics/government-shutdown-economy.html
399,https://www.nytimes.com/2019/03/21/briefing/new-zealand-brexit-lion-air.html
400,https://www.nytimes.com/2019/03/21/briefing/new-zealand-brexit-lion-air.html
401,https://www.nytimes.com/2019/02/05/briefing/state-of-the-union-pope-francis-lunar-new-year.html
402,https://www.nytimes.com/2019/02/26/briefing/corbyn-egypt-iran.html
403,https://www.nytimes.com/2019/01/15/opinion/trump-immigration-myth.html
404,https://www.nytimes.com/2019/02/05/us/politics/time-of-state-of-the-union.html
405,https://www.nytimes.com/2019/01/10/world/australia/52-places-perth-northern-rivers.html
406,https://www.nytimes.com/2019/03/14/briefing/brexit-facebook-snow-monsters.html
407,https://www.nytimes.com/2019/01/09/briefing/president-trump-shutdown-52-places.html
408,https://www.nytimes.com/2019/01/09/us/politics/tom-steyer-trump-2020.html
409,https://www.nytimes.com/2019/03/15/briefing/new-zealand-north-korea-facebook.html
410,https://www.nytimes.com/2019/01/10/briefing/climate-change-us-shutdown-michael-cohen-your-friday-briefing.html
411,https://www.nytimes.com/2019/01/09/us/politics/donald-trump-national-emergency.html
412,https://www.nytimes.com/2019/01/09/books/review-misinformation-age-cailin-oconnor-james-owen-weatherall-down-to-earth-bruno-latour.html
413,https://www.nytimes.com/2019/03/12/briefing/ethiopian-airlines-brexit-raheem-sterling-your-tuesday-briefing.html
414,https://www.nytimes.com/2019/01/07/us/california-today-gavin-newsom-inauguration.html
415,https://www.nytimes.com/2019/01/30/climate/climate-fwd-cold-weather-dvr.html
416,https://www.nytimes.com/2019/01/08/nyregion/de-blasio-health-care-plan.html
417,https://www.nytimes.com/2019/01/07/briefing/bangkok-the-philippines-shutdown.html
418,https://www.nytimes.com/2019/03/11/briefing/ethiopian-airlines-india-turkey.html
419,https://www.nytimes.com/2019/01/28/briefing/brexit-afghanistan-robert-mueller-your-tuesday-briefing.html
420,https://www.nytimes.com/2019/01/28/briefing/brexit-afghanistan-robert-mueller-your-tuesday-briefing.html
421,https://www.nytimes.com/2019/03/10/briefing/paul-manafort-border-crisis-cowboy-poets.html
422,https://www.nytimes.com/2019/01/25/world/americas/migrant-caravan-honduras-mexico.html
423,https://www.nytimes.com/2019/01/25/us/shutdown-federal-workers-reaction.html
424,https://www.nytimes.com/2019/02/15/us/politics/trump-border-emergency-announcement.html
425,https://www.nytimes.com/2019/01/24/briefing/venezuela-sebring-buzzfeed.html
426,https://www.nytimes.com/2019/02/14/opinion/trump-socialism-ocasio-cortez-sanders.html
427,https://www.nytimes.com/2019/03/24/us/midwest-flooding-pine-ridge.html
428,https://www.nytimes.com/2019/01/03/briefing/government-shutdown-moon-landing-captain-and-tennille.html
429,https://www.nytimes.com/2019/03/05/briefing/us-congress-huawei-venezuela-your-tuesday-briefing.html
430,https://www.nytimes.com/2019/02/11/us/politics/shutdown-deal.html
431,https://www.nytimes.com/2019/03/22/briefing/brexit-lion-air-mozambique-your-friday-briefing.html
432,https://www.nytimes.com/2019/01/03/briefing/government-shutdown-moon-landing-captain-and-tennille.html
433,https://www.nytimes.com/2019/01/16/briefing/shutdown-brexit-oscars.html
434,https://www.nytimes.com/2019/01/15/briefing/brexit-william-barr-penguins.html
435,https://www.nytimes.com/2019/01/16/climate/climate-national-emergency-hot-water.html
436,https://www.nytimes.com/2019/02/07/us/california-today-dreamer-state-of-the-union.html
437,https://www.nytimes.com/2019/02/06/us/politics/trump-sotu-2020.html
438,https://www.nytimes.com/2019/02/04/us/politics/trump-border-wall-republicans.html
439,https://www.nytimes.com/2019/02/05/opinion/trump-immigration-border.html
440,https://www.nytimes.com/2019/02/03/briefing/super-bowl-ralph-northam-cory-booker.html
441,https://www.nytimes.com/2019/01/10/briefing/climate-change-furlough-sopranos.html
442,https://www.nytimes.com/2019/03/14/briefing/us-senate-facebook-gambino-crime-family.html
443,https://www.nytimes.com/2019/01/12/opinion/letters/trump-impeachment.html
444,https://www.nytimes.com/2019/02/02/us/politics/on-politics-the-biggest-stories-of-the-week.html
445,https://www.nytimes.com/2019/01/11/us/politics/trump-shutdown-confusion.html
446,https://www.nytimes.com/2019/01/31/us/politics/mar-a-lago-trump.html
447,https://www.nytimes.com/2019/01/29/us/politics/trump-foreign-policy.html
448,https://www.nytimes.com/2019/01/27/briefing/roger-stone-venezuela-huawei-your-monday-briefing.html
449,https://www.nytimes.com/2019/02/16/us/politics/trump-republican-party.html
450,https://www.nytimes.com/2019/01/08/briefing/donald-trump-gavin-newsom-clemson.html
451,https://www.nytimes.com/2019/02/16/us/politics/trump-republican-party.html
452,https://www.nytimes.com/2019/01/25/briefing/government-shutdown-roger-stone-ironman.html
453,https://www.nytimes.com/2019/02/14/briefing/president-trump-brexit-syria-your-friday-briefing.html
454,https://www.nytimes.com/2019/01/05/world/americas/tijuana-mexico-migrant-caravan.html
455,https://www.nytimes.com/2019/01/24/us/politics/on-politics-trump-border-fight.html
456,https://www.nytimes.com/2019/01/03/us/government-shutdown-workers-pay.html
457,https://www.nytimes.com/2019/02/15/briefing/national-emergency-amazon-kashmir.html
458,https://www.nytimes.com/2019/01/24/briefing/venezuela-china-gene-editing.html
459,https://www.nytimes.com/2019/01/02/briefing/shutdown-nancy-pelosi-apple.html
460,https://www.nytimes.com/2019/01/24/briefing/government-shutdown-venezuela-ebola.html
461,https://www.nytimes.com/2019/01/23/briefing/shutdown-mariano-rivera-serena-williams.html
462,https://www.nytimes.com/2019/01/23/business/economy/unions-government-shutdown-donald-trump.html
463,https://www.nytimes.com/2019/01/22/briefing/shutdown-supreme-court-oscars.html
464,https://www.nytimes.com/2019/01/01/us/politics/house-democrats-trump-wall-immigration.html
465,https://www.nytimes.com/2019/01/22/us/california-today-kamala-harris-president-campaign.html
466,https://www.nytimes.com/2019/03/03/us/politics/2020-democrats-pennsylvania-.html
467,https://www.nytimes.com/2019/02/11/briefing/donald-trump-justin-fairfax-grammy-awards.html
468,https://www.nytimes.com/2019/01/20/us/politics/mcconnell-pelosi-government-shutdown.html
469,https://www.nytimes.com/2019/02/27/briefing/michael-cohen-donald-trump-pakistan.html
470,https://www.nytimes.com/2019/01/20/us/politics/trump-government-shutdown-democrats-pence.html
471,https://www.nytimes.com/2019/02/28/us/politics/on-politics-cpac-trump.html
472,https://www.nytimes.com/2019/01/17/us/politics/trump-pelosi-letter-trip.html
473,https://www.nytimes.com/2019/02/25/briefing/north-korea-brexit-kashmir.html
474,https://www.nytimes.com/2019/01/31/briefing/brexit-trump-serbia-your-friday-briefing.html
475,https://www.nytimes.com/2019/01/10/us/politics/white-house-government-shutdown.html
476,https://www.nytimes.com/2019/02/18/briefing/donald-trump-labour-party-huawei-your-tuesday-briefing.html
477,https://www.nytimes.com/2019/02/01/us/trump-workers-fired.html
478,https://www.nytimes.com/2019/01/31/briefing/india-brexit-apple.html
479,https://www.nytimes.com/2019/01/10/reader-center/federal-employees-unpaid-during-shutdown.html
480,https://www.nytimes.com/2019/01/08/us/paychecks-government-shutdown.html
481,https://www.nytimes.com/2019/01/08/us/border-wall-crisis-mexico-usa.html
482,https://www.nytimes.com/2019/01/28/briefing/afghanistan-howard-schultz-rent.html
483,https://www.nytimes.com/2019/01/06/world/americas/mexico-migrants-smugglers.html
484,https://www.nytimes.com/2019/01/27/us/politics/shutdown-congress-trump-wall.html
485,https://www.nytimes.com/2019/01/07/us/florida-government-shutdown-marianna.html
486,https://www.nytimes.com/2019/01/27/briefing/huawei-roger-stone-venezuela.html
487,https://www.nytimes.com/2019/01/24/briefing/venezuela-us-shutdown-alex-salmond-your-friday-briefing.html
488,https://www.nytimes.com/2019/01/01/us/native-american-government-shutdown.html
489,https://www.nytimes.com/2019/01/21/world/europe/democracy-brexit-populism.html
490,https://www.nytimes.com/2019/01/01/us/native-american-government-shutdown.html
491,https://www.nytimes.com/2019/01/21/world/europe/democracy-brexit-populism.html
492,https://www.nytimes.com/2019/01/19/us/politics/freshman-democrats-shutdown-wall.html
493,https://www.nytimes.com/2019/02/07/us/immigrant-detainee-letters.html
494,https://www.nytimes.com/2019/02/05/briefing/state-of-the-union-pope-hummingbirds.html
495,https://www.nytimes.com/2019/03/14/us/politics/beto-o-rourke-president.html
496,https://www.nytimes.com/2019/01/17/us/politics/steve-king-iowa-supporters-white-supremacy.html
497,https://www.nytimes.com/2019/02/03/briefing/lion-air-india-apple.html
498,https://www.nytimes.com/2019/02/03/us/politics/trump-state-of-the-union.html
499,https://www.nytimes.com/2019/03/11/us/politics/beto-orourke-2020.html
500,https://www.nytimes.com/2019/02/01/briefing/donald-trump-super-bowl-india.html
501,https://www.nytimes.com/2019/01/11/briefing/shutdown-syria-jayme-closs.html
502,https://www.nytimes.com/2019/01/29/business/dealbook/huawei-criminal-charges-trade-secrets.html
503,https://www.nytimes.com/2019/01/29/us/border-wall-crossings.html
504,https://www.nytimes.com/2019/01/07/briefing/syria-golden-globe-awards-ces.html
505,https://www.nytimes.com/2019/01/07/us/politics/on-politics-government-shutdown-contractors.html
506,https://www.nytimes.com/2019/01/22/business/dealbook/davos-world-economic-forum.html
507,https://www.nytimes.com/2019/01/03/us/politics/mcconnell-senate-republicans-shutdown.html
508,https://www.nytimes.com/2019/01/21/us/politics/government-shutdown-housing-services.html
509,https://www.nytimes.com/2019/01/19/us/politics/trump-proposal-daca-wall.html
510,https://www.nytimes.com/2019/01/20/arts/television/saturday-night-live-donald-trump-deal-or-no-deal.html
511,https://www.nytimes.com/2019/01/15/us/politics/steve-king-offensive-quotes.html
512,https://www.nytimes.com/2019/01/11/business/federal-shutdown-divide.html
513,https://www.nytimes.com/2019/01/10/briefing/us-shutdown-china-censorship-baby-shark.html
514,https://www.nytimes.com/2019/01/09/us/politics/bill-shine-donald-trump.html
515,https://www.nytimes.com/2019/02/16/us/border-migrants-asylum-mexico-aclu.html
516,https://www.nytimes.com/interactive/2019/03/21/t-magazine/fashion-future-history.html
517,https://www.nytimes.com/2019/03/20/business/dealbook/ceo-political-donations.html
518,https://www.nytimes.com/interactive/2019/01/10/world/americas/crossing-us-mexico-border.html
519,https://www.nytimes.com/2019/01/04/briefing/congress-stocks-china.html
520,https://www.nytimes.com/2019/03/14/business/dealbook/financiers-admissions-scandal.html
521,https://www.nytimes.com/2019/01/02/opinion/government-shutdown-2019-trump.html
522,https://www.nytimes.com/2019/01/04/us/politics/democrats-trump-meeting-government-shutdown.html
523,https://www.nytimes.com/2019/01/02/briefing/mitt-romney-china-ultima-thule.html
524,https://www.nytimes.com/2019/02/05/us/politics/fact-check-state-of-the-union.html
525,https://www.nytimes.com/2019/02/01/us/politics/trump-inf-nuclear-treaty.html
526,https://www.nytimes.com/2019/03/05/business/dealbook/dealbook-briefing-how-china-is-trying-to-fix-its-slowdown.html
527,https://www.nytimes.com/2019/02/26/business/dealbook/chevron-diversity-men.html
528,https://www.nytimes.com/2019/01/22/us/politics/on-politics-with-lisa-lerer-the-kamala-harris-factor.html
529,https://www.nytimes.com/2019/03/27/business/dealbook/boeing-faa-safety.html
530,https://www.nytimes.com/2019/03/27/business/dealbook/boeing-faa-safety.html
531,https://www.nytimes.com/2019/01/15/opinion/shutdown-trump-ocasio-cortez.html
532,https://www.nytimes.com/2019/01/15/us/politics/steve-king-white-supremacy.html
533,https://www.nytimes.com/2019/02/15/business/dealbook/amazon-new-york.html
534,https://www.nytimes.com/2019/02/15/us/politics/national-emergency-trump.html
535,https://www.nytimes.com/2019/02/11/business/dealbook/government-shutdown.html
536,https://www.nytimes.com/2019/01/03/us/politics/nancy-pelosi-speaker-116th-congress.html
537,https://www.nytimes.com/2019/01/04/us/mexico-wall-policy-trump.html
538,https://www.nytimes.com/2019/02/06/opinion/athens-plato-academy.html
539,https://www.nytimes.com/2019/03/11/business/dealbook/boeing-scrutiny.html
540,https://www.nytimes.com/2019/02/05/business/dealbook/world-bank-david-malpass.html
541,https://www.nytimes.com/2019/02/01/business/dealbook/trump-us-china-trade-deal.html
542,https://www.nytimes.com/2019/02/26/opinion/trump-democrats-2020.html
543,https://www.nytimes.com/2019/01/25/business/dealbook/trump-ross-pelosi-shutdown.html
544,https://www.nytimes.com/2019/01/23/business/dealbook/trade-talks-us-china.html
545,https://www.nytimes.com/2019/02/21/us/politics/on-politics-dan-crenshaw.html
546,https://www.nytimes.com/2019/02/19/business/dealbook/mckinsey-investment-fund.html
547,https://www.nytimes.com/2019/01/16/business/dealbook/brexit-defeat-britain-may.html
548,https://www.nytimes.com/2019/01/14/us/politics/william-barr-executive-power.html
549,https://www.nytimes.com/2019/02/14/business/dealbook/jpmorgan-cryptocurrency-chase.html
550,https://www.nytimes.com/2019/03/15/business/dealbook/tpg-bill-mcglashan.html
551,https://www.nytimes.com/2019/01/11/business/dealbook/government-shutdown-border-wall.html
552,https://www.nytimes.com/2019/01/09/business/dealbook/government-shutdown-trump-speech-economy.html
553,https://www.nytimes.com/2019/01/02/us/politics/nancy-pelosi-house-speaker.html
554,https://www.nytimes.com/2019/02/21/business/dealbook/china-us-trade-talks.html
555,https://www.nytimes.com/2019/01/17/business/dealbook/larry-fink-letter-business-leaders.html
556,https://www.nytimes.com/2019/01/08/business/dealbook/student-debt-lambda-school.html
557,https://www.nytimes.com/2019/03/03/us/border-rapes-migrant-women.html
558,https://www.nytimes.com/2019/01/03/business/dealbook/apple-china-slowdown-markets.html
559,https://www.nytimes.com/2019/02/25/magazine/lindsey-graham-what-happened-trump.html
560,https://www.nytimes.com/2019/03/22/universal/es/jubilados-texas-el-progreso.html
561,https://www.nytimes.com/2019/03/15/nyregion/trump-preacher-magachurch.html
562,https://www.nytimes.com/2019/02/28/t-magazine/seth-meyers-trump-racist.html
563,https://www.nytimes.com/2019/01/02/magazine/harry-reid-senate-cancer-trump.html
564,https://www.nytimes.com/2019/02/11/us/kamala-harris-progressive-prosecutor.html
565,https://www.nytimes.com/2019/01/10/learning/what-students-are-saying-about-predictions-for-2019-living-without-a-phone-career-choices-and-facing-rejection.html
566,https://www.nytimes.com/2019/02/28/learning/what-students-are-saying-about-public-shaming-making-apologies-and-glimpses-of-the-future.html
567,https://www.nytimes.com/2019/01/22/magazine/mcconnell-senate-trump.html
